frame,x_Left_Ankle,y_Left_Ankle,x_Right_big_Toe,y_Right_big_Toe,x_Right_Ankle,y_Right_Ankle,x_Right_Knee,y_Right_Knee,x_Right_Hip,y_Right_Hip,x_Right_Shoulder,y_Right_Shoulder
1,87.86,454.55,115.46,475.57,77.48,463.35,83.95,376.85,93.76,286.12,87.35,167.24
2,84.9,446.79,110.97,467.96,75.11,455.85,81.89,372.13,90.2,287.52,85.03,174.6
3,84.71,446.71,111.87,467.73,74.98,456.01,81.69,372.05,90.33,287.46,85.11,174.68
4,84.41,446.86,111.78,467.77,74.96,455.86,81.8,371.94,89.96,287.46,85.16,174.87
5,84.23,447.09,111.48,467.9,74.79,455.93,81.63,372.21,89.88,288.33,84.98,174.84
6,84.12,447.1,111.08,468.21,74.84,455.74,81.45,372.6,89.82,288.69,84.81,174.85
7,84.38,446.92,111.43,468.19,74.91,456.07,81.16,373.02,90.2,287.91,84.8,174.99
8,84.38,446.85,111.72,468.39,74.8,456.17,81.36,372.82,90.26,287.53,84.79,174.82
9,84.28,446.94,112.07,468.21,74.81,455.98,81.36,372.59,90.42,288.06,84.66,174.94
10,84.3,446.91,111.96,468.25,74.87,456.06,81.14,372.89,90.25,288.16,84.82,174.77
11,84.2,447.19,112.21,467.98,74.84,455.97,80.97,373.3,90.18,288.35,84.74,174.83
12,84.07,447.2,111.89,467.92,74.75,456.06,81.06,373.24,90.21,288.55,84.71,174.88
13,84.46,447.25,111.48,468.08,74.75,456.24,81.35,373.17,90.2,288.02,84.49,174.93
14,83.94,447.58,111.38,467.98,74.72,456.18,81.12,373.31,90.34,288.06,84.25,175.01
15,84,447.7,111.44,468.26,74.74,456.54,80.86,373.72,90.34,287.59,84.26,175.03
16,83.92,447.78,111.47,468.49,74.74,456.29,81.07,373.3,90.25,287.72,84.41,175.12
17,83.99,447.83,111.42,468.59,74.71,456.25,81.06,373.15,88.97,288.62,84.31,175.42
18,84.03,447.99,111.59,468.75,74.5,455.92,81.12,373.13,88.72,288.67,84.04,175.53
19,83.82,448.04,112.02,468.82,74.48,456.04,81.08,373.15,88.67,288.75,83.91,175.48
20,83.71,448,112.41,468.77,74.06,456.38,81.11,373.18,88.56,288.51,83.72,175.61
21,83.53,447.86,112.19,469.01,74.54,456.76,81.07,373.12,88.56,287.94,84.05,175.67
22,83.51,448.01,112.2,468.99,74.52,456.81,81.04,373.23,88.68,287.9,84.28,175.54
23,83.42,447.9,112.25,468.74,74.27,456.16,80.96,373.13,88.73,288.11,83.98,175.81
24,83.51,448.02,112.2,468.6,73.87,456.17,80.95,373.15,88.65,288.33,83.74,175.78
25,83.52,448.09,112.28,468.75,73.95,456.24,80.89,373.06,88.72,288.27,83.54,175.9
26,83.28,448.48,111.35,468.9,73.86,456.29,80.98,372.9,88.8,288.94,83.54,175.94
27,83.35,448.65,111.58,469.12,73.99,456.5,80.78,373.46,88.89,289.16,83.34,175.89
28,83.65,448.76,112.33,468.83,74,456.67,80.77,373.54,88.83,289.47,83.33,175.8
29,83.42,448.81,112.03,468.78,74,456.6,80.45,373.69,89.1,289.81,83.32,175.96
30,83.7,448.68,111.68,468.69,73.75,456.65,80.22,373.83,89,289.64,83.08,175.95
31,83.48,448.38,111.93,468.36,73.82,456.45,80.13,374.38,88.97,289.42,82.95,176.03
32,83.52,448.45,111.88,468.5,73.69,456.37,80.17,373.95,88.85,289.09,82.6,176.07
33,83.59,448.55,111.97,468.65,73.67,456.16,79.85,374.26,88.98,289.05,82.83,176.1
34,83.14,448.73,111.85,468.67,73.92,455.92,79.74,374.48,88.99,288.98,82.93,176.14
35,83.09,448.73,111.77,468.7,73.63,456.32,79.74,374.51,89.07,288.69,82.69,176.18
36,83.1,448.74,111.82,468.66,74.43,456.3,79.63,374.61,89.09,288.81,82.58,176.43
37,83.2,448.78,111.77,468.83,74.44,456.31,79.64,374.69,89.23,288.22,82.55,176.36
38,83.14,448.66,111.84,469.03,74.43,456.24,79.61,374.65,89.32,287.92,82.48,176.41
39,83.53,448.75,111.83,469.28,74.46,456.37,79.58,374.87,90.06,287.28,82.36,176.25
40,83.37,448.7,111.61,469.44,73.75,456.09,79.57,374.91,89.23,287.22,82.4,176.38
41,83.53,448.75,111.62,469.62,73.88,456.49,79.41,375.18,89.09,287.72,82.49,176.34
42,83.63,449.08,111.26,469.7,73.91,456.64,79.35,375.11,89.15,287.36,82.64,176.35
43,83.72,449.03,111.27,469.76,73.89,456.52,79.1,375.13,89.05,287.61,82.51,176.29
44,83.57,449.02,111.19,469.85,73.87,456.59,78.93,375.39,89.74,288.04,82.6,176.18
45,83.77,449.32,111.1,470.09,73.89,456.91,79,375.51,88.69,288.51,82.48,176.07
46,83.61,449.3,110.94,470.06,73.81,456.69,78.99,375.82,88.49,289.13,82.37,176.06
47,83.4,449.13,111.02,469.94,73.86,456.71,79,375.72,88.36,288.98,82.4,176.08
48,83.33,449.66,110.94,469.88,73.77,456.72,79.1,375.59,88.47,288.29,82.39,175.92
49,83.48,449.78,111.16,469.64,73.94,456.86,79.08,375.66,88.38,288.49,82.26,175.86
50,83.28,449.64,111.18,469.64,73.95,456.77,79,376.06,88.57,288.25,82.19,175.76
51,83.52,449.76,111.29,469.55,73.9,456.92,78.82,376.09,88.5,288.33,82.15,175.94
52,83.56,449.79,111.37,469.47,73.86,457.09,78.63,375.95,88.38,288.74,81.89,175.96
53,83.42,449.33,111.31,469.55,73.79,457.1,78.75,375.56,88.24,288.48,82.02,175.95
54,83.44,449.31,111.3,469.55,73.71,457.14,78.69,375.4,88.25,288.09,82.24,176.04
55,83.17,449.66,111.12,469.47,73.64,457.05,78.93,375.12,88.09,288.47,82.16,175.98
56,83.16,449.55,111.15,469.6,73.5,457.17,78.86,375.08,88.06,288.79,82.07,175.85
57,83.11,449.61,111.11,469.61,73.42,457.37,78.67,375.28,88.15,288.78,81.97,175.75
58,83.16,449.76,111.06,469.61,73.41,457.28,78.74,375.24,88.19,288.85,81.85,175.72
59,82.93,449.52,111.09,469.42,73.58,457.51,78.59,374.99,87.95,290.11,81.43,175.78
60,83.02,449.76,111.4,469.38,73.63,457.49,78.59,375.01,87.86,290.2,80.87,175.68
61,82.76,449.92,111.01,469.5,72.96,457.61,78.5,375.69,87.75,289.25,80.79,175.7
62,82.84,449.74,110.79,469.63,73.35,457.54,78.35,375.66,87.3,289.81,80.81,175.14
63,83.01,449.67,110.99,469.59,73.67,457.76,78.51,375.63,86.97,290.07,80.81,175.11
64,83.03,449.6,111.01,469.74,73.55,457.72,78.54,375.97,86.77,290.25,79.81,175.36
65,83.2,449.66,110.89,469.59,73.26,457.69,78.7,375.21,86.81,289.76,79.77,175.04
66,83.88,449.12,111.33,469.51,73.19,457.9,78.57,375.52,86.62,289.06,79.81,175.04
67,83.9,448.85,110.7,469.54,73.03,457.79,78.76,375.06,86.05,288.72,79.68,174.41
68,84.68,448.82,110.33,469.72,73.01,457.41,79.48,373.5,86.06,287.03,79.07,174.48
69,84.97,447.89,110.33,469.92,72.79,457.58,79.77,372.74,86.02,286.77,78.75,174.57
70,85.82,447.22,110.48,469.47,72.68,457.27,79.65,373.36,85.54,287.28,78.26,174.32
71,86.7,445.73,110.27,469.47,72.9,457.6,79.78,372.83,85.34,287.9,78.05,174.12
72,88.27,445.72,109.78,468.67,72.55,457.07,79.66,372.56,84.94,288.08,78.08,173.94
73,90.48,444.88,109.68,469.73,72.76,457.08,80.27,371.73,84.19,288.35,77.97,173.84
74,95.62,446.28,110.1,469.29,72.73,456.25,81.07,372.14,84.34,287.73,78.01,173.82
75,101.07,447.08,111.07,468.46,72.87,456.6,81.91,372.02,84.39,287.83,77.89,173.74
76,106.76,447.64,109.69,469.17,72.73,457.44,82.58,371.76,84.55,287.51,78.07,174.13
77,113.71,448.5,110.02,468.87,72.82,457.36,83.71,371.74,84.41,288.25,77.58,174.46
78,120.72,447.01,111.43,468.54,72.87,457.12,84.88,372.64,84.85,288.62,77.58,174.5
79,126.48,447.08,112.14,468.6,72.85,456.69,85.96,372.35,85.17,288.58,77.41,174.33
80,132.82,446.87,112.61,468.59,73.13,456.39,87.61,372.12,85.23,288.55,77.19,175.18
81,138.29,445.07,113.54,468.79,73.93,457.07,89.86,372.14,85.7,288.55,77.35,175.54
82,143.26,443.59,113.06,468.2,74.07,456.85,92.11,372.73,85.71,289.86,76.61,176.9
83,148.57,442.67,112.71,468.4,74.19,456.45,95.38,373.37,86.06,290.52,76.66,178.07
84,152.59,442.23,112.37,468.36,74.57,456.72,96.97,373.69,85.82,290.66,76.73,178.96
85,156.59,442.48,112.97,468.47,74.57,456.74,99.73,373.81,85.3,292.49,76.6,179.87
86,160.05,442.02,112.35,468.6,74.79,456.38,103.23,374.5,85.85,294.32,77.14,182.04
87,164.43,442.04,111.84,468.8,74.98,455.97,106.12,376.12,86.73,294.08,77.16,183.51
88,168.19,442.56,112.1,469.23,75.23,456.93,108.82,378.72,87.24,298.21,77.23,185.17
89,172.17,443.02,112.18,469.18,75.16,457.33,111.38,380.41,87.03,298.44,77.04,186.79
90,175.22,443.21,112.06,469.11,75.23,457.61,112.63,382.03,87.42,299.04,76.8,188.7
91,178.82,443.56,112.06,469.11,75.43,457.29,114.67,383.26,87.55,298.47,76.73,191.05
92,181.92,443.76,112.06,469.11,75.5,457.46,116.67,385.21,88.38,301.28,77.11,192.98
93,184.8,442.96,110.33,469.39,75.84,457.96,117.74,385.01,89.19,304.11,77.22,194.75
94,187.84,443.35,110.61,469.79,76,458.57,119.65,386.03,89.78,305.59,76.57,196.93
95,190.54,443.31,110.61,469.79,75.69,458.28,121.15,387.18,89.61,304.98,76.31,199.77
96,193.83,444.09,110.61,469.79,75.44,459.02,123.25,388.57,90.95,305.58,76.03,201.3
97,195.91,444.48,111.75,469.86,75.18,459.32,124.26,390.44,91.96,311.67,76.27,202.61
98,198.05,444.78,111.88,469.89,75.12,459.25,125.61,391.09,92.16,312.43,76.95,203.71
99,200.65,446.32,111.88,469.89,75.22,459.17,126.46,392.09,92.74,312.79,77.81,205.3
100,202.5,446.77,111.88,469.89,75.28,459.11,127.53,392.51,92.5,311.05,77.33,207.29
101,203.93,446.99,111.88,469.89,75.27,459.04,128.53,394,93.63,315.03,77.47,208.26
102,204.69,445.98,111.88,469.89,75.17,458.89,129.23,394.93,94.18,314.9,77.4,209.5
103,206.59,446.87,111.88,469.89,75.3,458.71,130.2,396.11,93.42,316.53,77.84,210.61
104,207.91,446.68,111.88,469.89,75.49,458.69,130.92,396.71,93.27,315.31,77.95,212.25
105,208.49,447.3,111.88,469.89,75.59,458.74,131.55,397.16,93.9,314.84,78.85,212.98
106,209.1,447.36,111.88,469.89,75.21,458.71,132.16,396.72,93.59,316.24,79.95,213.24
107,209.7,448.31,111.88,469.89,75.29,458.64,132.45,396.87,93.79,317.04,80.4,213.42
108,209.21,449.93,111.88,469.89,76.06,457.79,132.77,397.11,93.96,317.23,79.62,214.02
109,208.27,451.02,111.88,469.89,76.27,457.69,133.13,396.83,94.48,318.16,81.19,213.87
110,207.74,450.75,111.88,469.89,76.2,457.76,132.98,397.29,94.96,318.32,80.72,214.31
111,207.49,450.89,111.88,469.89,75.84,457.86,132.69,397.48,96.16,318.52,81.43,214.26
112,207.58,450.84,111.88,469.89,75.66,457.87,132.75,396.63,94.88,318.52,81.52,214.34
113,207.94,450.24,111.88,469.89,75.98,457.85,132.74,396.61,94.91,318.11,81.64,213.98
114,208.1,449.85,111.88,469.89,75.17,458.13,132.53,396.24,95.02,317.1,81.68,213.4
115,207.94,449.44,111.88,469.89,75.18,458.25,132.3,396.05,94.7,316.12,80.69,213.38
116,208.46,449.58,111.88,469.89,75.66,458.28,131.95,395.89,93.83,315.65,80.1,212.84
117,208.37,449.47,111.59,470.61,75.07,458.55,131,395.74,94.61,315.81,79.64,212.44
118,207.89,449.05,111.67,470.63,74.96,458.62,130.99,395.28,93.41,313.45,79.08,211.89
119,206.88,449.32,111.63,470.46,75,458.79,129.84,394.73,94.27,313.26,77.9,211.19
120,205.45,450.06,111.44,470.45,74.96,458.55,129.06,394.06,95.99,313.81,78.41,209.94
121,203.27,450.49,111.44,470.45,75.1,458.35,128.5,393.32,94.24,313.36,78.45,208.33
122,199.97,450.01,111.44,470.45,75.03,458.36,127.88,392.17,94.14,311.65,78.74,207.1
123,196.64,449.53,111.44,470.45,75.68,458.15,127.14,391.19,94.01,311.31,78.7,205.64
124,192.71,449.81,111.44,470.45,75.72,458.32,125.73,390.04,92.7,313.37,78.31,205
125,188.67,449.63,111.44,470.45,75.87,458.28,123.51,388.42,91.83,310.35,77.96,203.56
126,184.91,449.63,111.44,470.45,76.12,457.88,121.13,387.66,90.57,306.9,77.48,201.18
127,181.03,449.4,111.44,470.45,75.53,458.4,118.28,385.99,89.58,304.75,77.3,199.34
128,176.89,448.16,111.44,470.45,74.72,458.26,114.63,384.9,88.95,301.96,77.35,196.85
129,173.4,447.01,111.44,470.45,74.78,458.47,112.48,383.7,87.61,297.85,76.74,194.57
130,169.47,445.86,110.99,470.26,74.41,458.26,109.93,380.86,87.46,297.44,77.21,191.06
131,164.36,444.57,111.02,470.2,74.35,457.95,107.61,379.64,86.91,296.94,76.74,188.69
132,159.23,443.77,111.26,470.37,73.98,457.63,103.19,376.53,84.79,293.88,76.3,186.37
133,154.59,443.43,111.33,470.24,74.3,457.74,99.36,374.65,85.65,292.78,75.84,183.83
134,148.76,442.38,112.19,470.32,73.41,457.36,95.82,373.74,83.98,291.82,74.56,181.95
135,142.51,442.24,111.7,469.98,72.74,457.76,91.05,373.48,83.76,289.31,74.5,180.02
136,135.57,443.82,111.08,469.76,72.23,457.98,87.44,372.76,82.88,289.34,74.35,178.46
137,127.5,444.37,110.72,469.55,71.75,457.56,85.62,372.85,82.43,290.47,73.95,177.55
138,119.54,446.24,110.18,469.64,71.66,458.16,83.72,373.5,82.82,289.05,73.3,176.79
139,111.05,447.3,108.24,469.99,72.04,458.87,83.03,372.62,79.9,289.47,73.25,176.16
140,102.05,447.2,106.35,470.99,71.59,459.13,81.1,373.28,78.83,290.14,72.85,176.09
141,94.18,447.7,107.14,471.53,71.5,458.99,80.23,372.63,79.82,293.39,72.72,175.93
142,86.91,448.18,107.09,472.17,71.2,459.14,79.09,373.1,79.64,290.27,71.95,175.67
143,81.8,448.13,104.97,471.25,71.03,458.08,77.63,373.44,79.03,290.87,72.04,175.47
144,76.8,450.99,109.15,468.98,70.52,458.03,77.22,371.84,78.28,293.18,72.94,175.43
145,68.13,450.15,110.44,468.59,71.54,458.33,76.3,371.98,78.48,291.21,71.76,175.29
146,64.46,451.08,110.82,469.15,72.17,458.43,75.34,371.56,79.06,289.2,71.73,175.51
147,61.87,450.93,110.3,469.08,72.28,458.99,74.11,373.11,77.93,291.69,72,175.74
148,60.4,452.07,110.98,469.22,71.89,459.13,72.98,373.5,78.41,289.38,71.48,175.9
149,60.4,451.96,110.79,469.12,71.95,458.88,71.76,373.39,77.69,290.6,70.9,175.69
150,60.31,452.3,110.26,469.1,71.84,458.92,72.21,373.55,77.7,289.92,71.16,175.57
151,60.79,452.54,109.93,468.81,71.79,458.92,72.64,372.75,77.85,289.48,71.1,175.44
152,60.01,452.28,110.28,468.87,71.61,459.21,71.56,374.1,77.98,289.28,71.31,174.98
153,60.11,452.06,110.22,469.22,71.72,459.11,72.17,374.5,77.98,290.01,70.84,175.04
154,60.15,452.11,110.21,469.34,71.61,459.21,71.44,374.4,77.33,287.63,70.62,174.35
155,59.99,452.62,110.32,469.4,71.28,458.88,72.27,373.22,76.17,289.5,70.9,174.36
156,59.86,452.1,110.61,469.42,71.77,458.85,71.97,373.13,76.51,289.38,70.76,174.18
157,59.92,452.43,110.27,469.36,71.41,459.52,71.94,373.24,76.89,289.19,70.85,174.61
158,60.33,451.34,109.91,469.57,71.29,459.57,72.06,373.37,77.01,289.01,70.2,174.58
159,60.59,451.74,109.74,469.27,71.31,459.85,72.12,373.73,76.46,286.94,70.05,174.74
160,61.71,451.04,109.71,469.62,71.29,459.1,72.46,374.29,76.78,287.53,70.43,174.6
161,62.67,450.88,109.74,469.69,71.29,459.56,72.78,373.65,77.07,287.2,70.07,174.64
162,63.44,451.36,111.21,468.86,71.07,458.83,72.34,372.88,77.48,286.17,69.57,174.92
163,64.74,451.36,110.93,468.96,71.9,458.45,72.66,373.7,76.67,288.19,69.58,174.22
164,70.65,450.25,109.84,469.74,71.21,457.93,72.07,372.64,75.78,287.65,69.05,175.1
165,76.16,451.63,108.2,469.86,71.18,458.62,73.51,371.43,76.03,286.27,69.34,175.15
166,79.28,450.13,106.76,471.35,70.6,458.9,73.97,372.85,76.29,285.36,69.32,175.07
167,82.43,448.63,106.16,470.31,70.81,457.84,74.97,372.22,76.53,288.15,69.29,175.44
168,86.36,448.65,107.47,471.93,70.53,457.7,75.43,372.49,76.49,288.74,69.4,175.78
169,89.68,449.81,107.84,472.1,72.02,459.65,76.6,373.65,76.4,289.05,69.39,175.95
170,94.43,449.28,107.95,471.04,70.61,459.19,76.76,373.91,76.27,287.81,68.78,175.84
171,98.68,448.97,106.92,470.56,71.81,458.21,77.37,371.95,77.01,288.68,69.38,176.31
172,103.51,449.18,107.82,470.08,71.03,458.95,78.35,372.84,76.55,286.58,68.95,175.78
173,107.44,448.96,107.88,470.37,71.24,458.59,79.18,372.86,75.89,286.02,69.16,175.91
174,111.92,448.93,108.41,470.08,71.63,458.82,79.9,372.77,76.61,285.92,69.12,175.92
175,115.74,448.15,108.77,469.94,71.84,458.81,80.17,371.69,76.81,285.74,69.2,175.82
176,118.96,447.69,109.57,470.14,71.8,459.09,79.89,371.64,76.82,286.07,69.06,175.83
177,121.5,446.96,110.41,469.81,71.54,457.79,79.01,372.03,78.13,287.9,68.96,175.67
178,124.37,446.06,110.92,469.83,71.49,457.89,78.88,371.76,78.68,288.85,69.07,175.53
179,126.21,445.79,110.81,469.85,71.6,457.97,78.76,371.42,79.05,289.26,69.22,175.42
180,127.57,445.08,110.74,469.67,71.22,457.76,78.27,372.08,79.3,288.61,69.52,176.05
181,129.35,445.55,110.16,469.54,71.63,457.95,78,372.09,80.19,289.36,69.35,175.96
182,130.92,444.58,110.22,469.45,71.76,457.83,78.22,371.9,80.51,288.75,69.18,176.17
183,132.78,444.54,110.48,469.3,71.56,458,79.8,371.66,80.61,289.86,69.18,176.3
184,135.65,445.22,110.45,469.53,71.62,458.06,81.44,373.43,80.9,290.71,69.01,176.74
185,137.86,444.79,110.45,469.57,71.64,458.1,84.26,373.43,81.14,290.1,69,177.36
186,140.45,444.49,110.26,469.4,72.08,458.21,87.01,372.97,81.91,288.85,68.98,178.4
187,143.64,444.82,110.58,469.34,73.1,458.03,90.39,373.43,80.94,290.15,68.94,179.19
188,147.11,444.94,111.29,469.39,72.96,457.04,95.39,374.14,80.76,290.7,69.16,180.87
189,150.47,444.95,111.34,469.54,73.28,457.29,97.71,375.74,82.55,291.66,68.87,182.94
190,153.97,446.06,109.71,469.62,73.42,457.57,101.56,377.01,82.95,294.19,68.1,184.67
191,157.81,446.36,109.22,469.59,73.65,457.64,104.57,378.11,83.22,296.95,68.87,185.55
192,161.78,446.84,109.05,470.19,74.54,457.56,107.72,379.98,83.75,298.2,68.59,187.34
193,165.8,446.75,110.33,469.9,74.28,457.7,109.91,381.76,83.2,299.17,68.78,190.17
194,169.72,447.21,109.96,469.77,74.4,458.02,111.96,382.6,83.05,301.43,69.16,192.87
195,173.35,447.14,109.96,469.77,74.47,457.83,113.74,383.25,83.91,303.83,69.28,194.95
196,176.18,447.42,110.01,470.08,74.4,457.91,115.6,384.47,83.83,306.7,69.46,196.82
197,179.64,448.24,110.42,470.24,74.81,458.2,117.48,386.06,82.9,305.12,69.78,199.76
198,182.14,448.54,110.42,470.24,75.06,458.43,119.86,387.73,83.89,307.93,69.14,201.35
199,184.56,449.32,110.42,470.24,74.19,459.28,121.06,389.04,83.43,310.21,69,203.61
200,186.72,450.01,110.42,470.24,74.1,459.56,122.54,390.31,84.19,311.47,69.63,205.17
201,187.92,450.59,110.25,470.68,74.03,459.74,124.05,391.02,84.5,312.09,70.24,206.04
202,189.74,450.84,110.32,470.79,74.63,459.71,125.08,391.68,84.03,314.64,70.65,208.27
203,192.07,450.64,110.28,470.85,74.05,459.83,125.94,392.19,84.21,316.38,71.02,209.38
204,193.59,450.44,110.1,470.84,74.81,459.48,126.58,392.6,84.61,317.6,71.04,210.38
205,195.5,450.84,109.89,470.95,74.63,459.41,127.5,392.73,86.3,315.92,71,209.89
206,196.49,450.48,109.89,470.95,75.2,458.82,128.39,393.67,85.43,320.41,71.99,212.9
207,197.96,449.86,109.58,470.99,75.41,458.57,129.31,393.94,85.91,320.46,71.6,213.91
208,199.48,450.09,109.79,470.15,74.93,458.63,129.64,394.48,88.03,318.84,71.84,212.43
209,200.19,450.34,110.33,470.19,75.09,458.64,130.18,394.45,88.34,320,71.83,212.52
210,200.36,451.2,110.88,470.21,74.73,458.59,130.15,394.7,88.79,320.52,72.27,213.68
211,200.08,452.33,110.74,471.02,75.01,458.65,130.27,395.1,88.47,319.76,71.97,213.53
212,200.23,452.67,110.84,470.79,75.19,458.69,130.24,395.2,88.49,320.14,72.62,215.87
213,199.87,452.63,110.99,470.48,74.99,458.53,130.2,395.28,88.58,320.46,72.85,215.83
214,199,452.19,110.76,470.43,74.83,458.53,130.21,396.12,87.43,321.9,72.59,213.8
215,200.06,452.08,110.76,470.43,74.92,458.84,130.36,395.02,88.8,320.91,73.17,213.93
216,199.9,451.2,110.76,470.43,74.94,458.8,129.95,394.68,88.29,320.75,72.9,213.45
217,199.84,450.46,109.68,470.82,75.05,458.81,129.66,394.15,88.16,320.9,72.7,212.47
218,198.36,449.55,109.68,470.82,74.75,458.95,128.22,393.23,86.61,319.44,72.81,213.55
219,197.35,448.67,109.68,470.82,74.72,458.98,127.55,392.5,86.51,316.39,72.63,210.1
220,197.13,448.04,109.51,470.46,74.65,459.29,126.69,391.94,84.6,315.23,72.33,210.05
221,194.6,447.3,109.51,470.46,74.64,459.51,124.96,390.98,84.38,313.33,72.84,208.3
222,190.56,445.81,109.51,470.46,74.64,459.42,123.04,390.39,84.03,312.39,72.7,205.34
223,187.06,445.43,109.33,470.23,74.34,459.31,120.92,387.77,83.57,310.36,72.09,202.34
224,182.4,444.88,109.17,469.78,74.02,458.51,117.13,384.84,81.46,304.96,73.51,199.26
225,177.85,444.49,109.3,469.51,74.38,458.05,114.29,383.05,82.44,304.51,73.39,195.75
226,173.28,444.25,109.49,469.42,74.03,457.81,111.36,382.13,81.75,300.14,72.41,192.89
227,166.85,443.2,109.3,469.07,74.18,457.82,108.62,379.64,82.29,297.37,72.66,188.43
228,160.03,443.3,109.68,468.72,73.94,457.06,104.58,378.08,81.99,296.44,72.73,185.42
229,154.02,443.11,110.5,469.1,73.65,456.99,99.35,375.08,81.41,292.9,72.42,182.15
230,147,442.03,111.47,469.53,72.84,457.33,95.8,373.51,79.54,289.74,73.21,180.04
231,140,442.73,110.7,469.53,72.01,458,90.71,373.36,82.04,287.49,73.38,177.91
232,132.73,443.84,110.41,469.43,71.61,457.43,86.96,372.77,81.31,286.76,73.8,175.84
233,125.49,443.58,109.66,469.49,71.38,457.27,84.98,373.35,81.43,286.56,74.64,174.99
234,118.55,444.11,109.63,469.67,71.56,457.66,83.16,372.9,81.63,287.16,75.12,174.26
235,111.2,445.83,108.32,469.99,71.13,457.84,81.94,373.4,80.39,289.01,75.08,173.78
236,103.67,446.38,108.62,470.03,71.56,457.23,80.71,372.12,80.3,289.87,76.17,173.67
237,97.24,446.46,107.45,470.99,71.1,457.54,80.53,371.5,80.19,290.03,76.4,173.23
238,88.07,446.91,108.15,471.23,71.22,457.51,79.52,371.53,80.63,290.27,77.16,173.24
239,83.9,446.51,107.15,471.2,70.78,458.14,79.3,371.48,80.85,290.26,77.19,173.4
240,80.37,448.77,106.61,471.06,71.22,456.74,78.96,371.38,81.14,289.87,77.48,173.25
241,76.33,449.65,107.36,469.72,70.85,456.66,77.95,371.18,80.93,290.2,77.78,173.46
242,66.54,448.07,111.08,469.08,71.78,455.62,77.94,371.91,82.21,286.54,77.71,173.44
243,63.36,447.77,110.17,468.37,71.47,456.42,78.08,372.8,81.78,288.37,77.75,173.5
244,57.23,446.95,109.71,468.37,71.56,457.42,77.61,372.37,81.98,288.51,77.78,173.71
245,57.21,447.19,111.06,468.85,71.71,456.96,78.05,373.16,81.52,290.3,78.03,173.91
246,55.61,446.8,110.56,468.71,71.53,456.8,78.08,374.08,81.71,290.31,77.92,173.92
247,54.69,446.72,110.55,468.78,71.78,456.77,77.31,374.65,81.52,290.93,77.89,173.69
248,53.95,447.44,110.87,468.78,72.3,456.52,77.53,374.63,81.5,290.91,77.9,173.8
249,53.24,447.5,110.88,468.84,71.58,456.36,77.1,374.66,81.69,291.12,78.15,173.71
250,53.32,447.37,110.99,468.98,71.58,456.46,77.05,374.66,81.62,290.94,78.37,173.7
251,53.27,447.74,109.69,469.4,71.4,457.06,76.66,375.12,81.41,290.93,78.56,173.44
252,53.12,446.17,110.98,469.19,70.96,456.9,76.88,373.18,81.5,289.82,78.5,173.46
253,53.18,446.73,109.75,469.48,70.9,456.8,75.9,373.29,81.55,289.6,78.62,173.48
254,53.22,446.07,111.07,469.59,70.8,456.86,76.69,372.31,81.46,288.91,78.77,173.43
255,53.19,444.84,110.81,469.63,70.58,456.62,77.05,370.85,81.93,288.78,78.77,173.44
256,53.93,444.61,110.42,469.27,70.58,456.44,76.38,370.94,82.05,288.4,78.84,173.51
257,56.26,445.3,110.87,469.43,70.77,456.69,77.63,370.47,82.56,288.61,78.64,173.73
258,57.74,447.87,111.26,469.33,71.27,457.48,76.43,371.52,83.06,288.56,78.47,173.54
259,61.29,449.53,110.67,468.55,71.14,456.71,76.67,373.2,83.06,288.62,78.12,173.6
260,66.28,449.67,111.22,468.47,71.87,456.27,77.13,373.55,82.84,289.7,78.08,173.8
261,77.37,451.45,107.86,470.02,70.85,457.8,77.41,371.94,82.35,292.28,77.58,173.62
262,80.9,448.24,107.39,471.27,70.95,457.8,78.28,373.19,82.24,292.01,77.46,173.76
263,85.93,447.67,108.32,471.22,70.82,457.39,79.3,373.52,82.35,291.28,77.43,173.7
264,91.69,447.95,108.06,471.5,70.61,457.13,79.69,372.98,82.18,291.98,77.23,173.29
265,97.83,448.55,107.72,470.31,71.15,457.82,80.06,372.29,82.14,291.22,77.31,173.52
266,104.34,448.65,107.33,470.02,71.7,458.34,81.79,372.54,81.44,286.59,76.61,175
267,111.81,448.85,108,469.65,71.29,457.95,83.98,372.86,82.01,287.04,76.46,174.82
268,118.69,448.57,109.29,469.27,72.45,458.17,87.27,372.63,81.64,287.27,76.24,175.87
269,124.86,446.88,109.64,469.11,72.44,457.64,88.6,372.87,82.98,287.78,76.28,175.71
270,131.61,446.56,109.98,468.99,72.64,457.41,92.01,373.25,81.15,291.86,75.92,176.68
271,137.34,446.05,109.82,469.14,72.92,457.62,95.72,374.03,80.35,292.54,75.17,178.39
272,143.26,445.12,110.46,468.83,73.91,457.75,99.12,376.62,81.14,293.84,75.29,180.25
273,149.18,445.2,110.68,469.08,73.73,456.84,101.86,377.72,82.86,297.11,74.66,181.89
274,154.51,444.91,110.22,469.2,74.23,456.71,105.68,377.76,81.73,298.21,74.21,183.95
275,159.02,445.32,110.74,469.36,74.09,456.76,108.68,378.77,82.47,298.17,74.1,185.43
276,164.2,445.76,110.29,469.43,74.35,457.09,111.11,381.01,82.66,299.01,72.86,188.86
277,168.91,446.68,110.29,469.43,74.34,456.98,113.4,382.07,82.04,302.19,73.33,191.64
278,172.55,445.71,110.29,469.43,74.19,457.14,115.29,383.6,82.27,306.11,72.39,194.41
279,175.65,446.44,110.29,469.43,74.77,457.15,116.8,384.61,83.73,306.9,72.92,196.61
280,179.26,448.02,110.29,469.43,74.75,457.37,119.74,386.18,83.09,307.62,71.88,199.17
281,181.22,448.74,110.29,469.43,74.45,457.65,121.95,388.23,83.42,310.13,71.58,201.1
282,183.67,450.21,110.29,469.43,74.73,458.34,122.19,388.87,83.57,311.92,71.24,202.82
283,185.38,451.03,110.29,469.43,74.29,458.5,124.44,389.67,83.57,312.46,70.84,204.53
284,187.27,452.02,109.28,469.74,73.99,458.75,125.82,390.46,84.86,313.22,70.63,205.85
285,189,452.29,109.31,469.92,73.98,458.84,126.56,391.18,85.74,314.78,71.16,208.35
286,190.8,452.93,109.21,470.15,73.84,458.87,127.62,392.11,83.84,316.7,70.72,209.99
287,192.06,453.75,109.21,470.02,73.9,458.74,127.94,391.86,86.81,316.07,70.89,210.2
288,193.28,454.42,109.33,469.99,74.01,458.56,129.12,393.25,86.38,320.25,71.39,212.43
289,194.35,454.66,109.18,470.06,74.62,458.09,129.78,393.7,86.18,320.82,71.99,213.69
290,195.09,454.93,109.17,470.03,74.7,458.06,130.21,394.24,85.03,322.11,72.34,214.27
291,195.85,454.45,109.08,469.83,74.74,457.97,130.03,393.9,86.54,320.52,72.27,212.58
292,195.6,453.44,109.01,469.89,74.74,457.98,130.33,394.4,86.16,320.74,72.42,212.94
293,196.13,452.69,109.11,469.8,74.69,458.32,130.34,394.16,83.36,321.49,72.91,215.04
294,195.53,451,109.17,470,74.83,458.4,129.85,393.79,82.83,321.65,73.09,214.65
295,195.96,449.54,109.33,469.84,74.55,458.54,129.49,392.9,82.96,323.3,72.72,213.91
296,195.97,448.39,109.23,469.89,74.74,458.45,128.74,391.77,82.59,319.86,72.14,213.36
297,194.36,446.66,109.4,469.81,74.17,458.97,127.11,390.64,81.21,319.73,71.74,211.82
298,191.7,444.38,109.11,469.56,74.42,458.55,125.91,389.9,79.99,315.17,71.28,209.98
299,189.01,443.89,109.19,469.44,74.13,458.56,123.74,389.09,79.48,313.22,70.57,208.26
300,186.58,442.73,108.91,469.31,73.86,458.06,120.73,385.87,78.75,312.44,69.97,205.34
301,182.68,442.04,108.84,469.31,74.29,457.54,117.63,383.79,78.63,308.66,70.02,201.85
302,178.94,441.61,108.84,469.31,74.4,457.39,114.97,381.73,79.04,306.06,70.14,198.2
303,174.33,441.98,108.84,469.31,73.97,457.41,112.12,380.48,76.78,301.44,69.67,195.06
304,169.17,441.24,109.13,468.91,73.82,456.84,109.01,379.23,76.14,298.66,69.7,191.81
305,163.86,440.6,109.23,468.78,73.72,456.13,105.53,377.86,77.05,297.26,69.57,189.04
306,158.7,441.28,109.76,468.62,73.64,455.8,101.27,375.95,77.02,294.54,69.98,186.36
307,152.94,440.79,110.43,468.72,73.33,456,96.64,373.14,77.14,291.69,70,182.77
308,147.09,440.25,110.37,468.66,72.62,455.9,93.03,372,76.94,290.34,70.25,179.74
309,141.47,441.63,110.12,468.4,72.14,456.99,88.66,371.36,77.76,289.48,70.62,178.98
310,134.76,442.6,110.39,468.32,71.49,456.47,86.08,371.54,78.83,287.08,70.38,177.38
311,128.51,442.36,110.08,468.5,71.68,456.83,82.79,371.31,77.61,288.09,71.76,176.04
312,121.94,442.61,110.67,468.79,71.77,457,80.97,370.87,78.63,288.32,71.72,174.68
313,114.48,443.87,109.28,468.88,71.29,456.56,79.38,370.64,78.87,287.4,72.3,173.63
314,107.12,445,108.69,469.12,71.92,456.81,78.28,370.93,78.45,288,72.86,173.23
315,99.73,445.25,108.46,468.83,70.93,456.93,76.86,371.81,77.33,286.49,72.54,173.47
316,93.37,445.94,110.21,470.13,71.49,456.45,77.3,371.33,79.11,289.05,73.05,172.6
317,87.32,446.26,107.84,470.47,71.24,456.84,77.7,372.76,79.66,287.4,73.43,172.46
318,81.93,446.68,106.32,470.84,71.26,456.57,76.47,372.45,80.53,285.98,73.46,172.41
319,78.9,447.35,107.1,469.54,71.05,456.06,76.48,371.31,80.81,286.38,73.68,172.15
320,74.34,449.13,109.62,467.95,71.46,457.39,77.28,371.87,79.79,285.08,73.81,173.06
321,67.14,447.43,110.77,467.27,72.07,455.95,77.04,371.98,80.79,284.93,73.99,172.95
322,64.31,448.74,111.5,466.97,71.98,456.07,76.52,371.51,80.76,285.06,74.8,173.4
323,62.9,448.35,111.23,467.73,71.69,456.2,74.74,371.94,80.07,286.93,75.51,173.14
324,62.12,449.33,111.46,467.83,71.16,456.46,74,371.61,80.2,287.83,76.17,172.85
325,62.09,449.77,111.15,467.61,71.29,456.57,73.19,371.55,79.75,287.35,77.19,172.63
326,61.92,449.84,110.42,468.24,71.43,456.43,72.91,371.8,79.56,287.71,77.89,172.75
327,61.35,449.57,110.76,468.32,71.31,456.38,73.2,371.51,79.19,288.85,78.03,173.7
328,61.52,449.71,110.93,468.04,71.38,456.46,73.54,371.79,78.97,289.14,77.81,173.51
329,61.72,450.19,110.93,468.08,71.6,456.62,73.57,372.24,78.84,288.41,77.94,173.48
330,61.88,450.45,110.76,468.02,71.67,456.62,73.49,372.31,79.23,288.23,79.28,174.18
331,61.8,450.67,110.49,467.33,71.43,456.61,73.22,372.62,79.21,288.33,79.6,174.4
332,61.39,450.18,110.56,467.43,71.38,456.51,72.71,372.48,79.61,287.96,79.4,174.26
333,61.47,450.08,110.55,467.44,71.18,456.31,73.06,372.66,79.75,289.17,79.55,174.24
334,61.65,450.3,110.71,467.34,71.23,456.39,73.08,372.49,79.84,289.24,79.51,174.2
335,61.56,449.93,111.2,467.66,71.29,456.22,72.98,372.94,80.14,288.6,79.57,174.06
336,61.42,449.87,110.39,467.1,71.3,456.34,73.07,372.98,80.32,287.89,79.5,174.15
337,61.34,449.86,110.32,467.67,71.33,456.68,72.8,372.68,80.45,288.34,79.4,174.32
338,61.67,449.53,110.22,467.86,71.43,456.62,73.39,373.35,80.81,289.06,79.5,174.23
339,62.08,449.62,110.33,467.8,71.6,456.49,73.8,372.93,81.21,289.86,79.27,173.45
340,61.97,449.51,110.32,467.77,71.29,456.42,73.25,373.79,81.13,289.5,79.14,173.44
341,61.88,449.36,110.9,467.82,71.28,456.46,73.78,373.09,81.11,289.96,78.62,173.59
342,61.93,449.34,110.08,467.43,71.3,456.51,73.77,373.19,81.47,290.15,78.74,173.52
343,61.95,449.13,110.08,467.54,71.38,456.5,74.05,374.23,81.66,289.57,78.63,173.49
344,61.89,449.34,111.03,467.89,71.51,456.63,74.11,374.09,81.84,290.32,78.64,173.43
345,61.97,449.2,111.08,467.87,71.59,456.55,73.62,373.7,81.75,288.6,78.34,173.48
346,62.69,449.56,111.18,467.88,71.63,456.7,73.12,375.08,81.9,289.99,78.38,173.48
347,62.75,449.47,111.05,467.88,71.66,456.69,73.1,375.19,81.45,289.29,78.35,173.56
348,63.03,450.04,110.52,467.47,71.58,456.86,73.62,375.13,81.41,288.62,78.05,173.99
349,62.56,449.64,110.62,467.41,71.57,456.81,72.99,375.15,81.25,289.28,78.01,173.8
350,62.58,449.48,110.64,467.32,71.47,456.65,72.55,375.11,81.37,288.47,78.15,173.96
351,62.46,449.58,110.79,467.5,71.61,456.52,72.61,375.33,81.41,289.68,78.13,173.79
352,62.26,449.56,110.96,467.36,71.7,456.57,73.11,375.05,81.29,289.75,78.07,173.94
353,62.1,449.7,110.87,467.3,71.7,456.6,73.38,374.01,81.07,289.48,78.12,173.95
354,61.97,450.01,110.96,467.36,71.65,456.76,73.39,373.65,80.83,289.75,77.96,174.08
355,61.9,449.99,111.05,467.43,71.81,456.73,73.34,373.66,80.88,290.25,77.93,174
356,62.29,450.07,111.11,467.31,72.04,456.47,73.48,373.19,80.74,290.38,78.04,174.09
357,61.72,450.24,111.04,467.21,71.95,456.73,73.43,373.55,80.8,289.34,78.2,174.05
358,61.8,450.21,111.1,467.26,71.87,456.66,73.47,373.45,80.94,290.02,78.4,173.98
359,61.63,449.98,110.87,467.32,71.78,456.61,73.66,373.54,81.06,290.11,78.43,174.09
360,61.99,450.03,110.87,467.26,71.78,456.57,73.61,373.6,81.23,289.56,78.42,174.16
361,61.75,450,110.56,467.49,71.66,456.65,73.68,373.52,80.79,289.55,78.57,174.16
362,61.89,450.34,110.71,467.48,71.75,456.53,73.59,373.76,80.95,289.73,78.66,174.1
363,61.45,450.18,110.88,467.42,72,456.72,73.57,373.67,80.75,290.05,78.49,174.15
364,62.18,450.04,110.72,467.37,71.93,456.71,73.49,374.17,80.87,289.97,78.65,173.99
365,62,450.36,110.67,467.38,71.81,456.85,73.61,374,80.84,289.71,78.86,173.92
366,61.92,450.18,111.07,467.66,71.89,456.84,73.79,373.48,80.89,289.95,78.92,173.79
367,62.12,450.23,110.4,467.71,71.95,457.43,73.36,373.62,81.02,288.62,79.12,173.95
368,62.43,450.49,110.84,467.22,71.96,457.73,73.1,374.94,81.2,289.84,79.22,173.88
369,62.35,449.94,109.69,467.67,71.87,457.5,73.33,374.27,81.15,290.33,79.36,174.02
370,62.68,450.33,110.07,467.6,71.92,457.3,73.71,373.62,80.98,290.31,79.49,174.11
371,64.27,449.52,110.86,467.48,71.39,457.33,73.91,373.25,81.28,290.37,79.67,173.91
372,64.1,450.92,110.91,468.08,71.52,457.24,74.23,373.09,81.29,290.04,80.24,175.09
373,65.82,451.9,111.31,468.5,71.79,457.43,73.9,373.04,80.99,289.58,79.8,174.45
374,68.31,449.96,110.74,468.14,71.52,457.33,74.75,372.99,81.02,289.5,80.03,174.34
375,70.02,450.15,110.78,468.06,71.57,458.45,74.74,372.15,80.33,287.76,79.88,175.07
376,73.6,450.78,110.5,468.56,70.72,457.2,74.42,373.1,81.16,289.14,80.31,174.29
377,73.94,451.04,111.2,468.76,71.43,457.55,74.77,372.51,80.23,287.24,79.87,175.38
378,73.88,451.11,111.23,468.65,71.03,458.27,75.01,372.2,80.31,287.42,79.5,175.05
379,73.9,451.11,111.04,468.04,70.73,456.79,75.05,372.79,81.1,285.84,78.92,174.59
380,73.79,451.53,110.78,468.45,70.44,456.78,74.64,372.54,81.26,288.13,80.26,173.9
381,73.22,451.48,110.57,468.44,70.94,458.23,74.99,372.78,81.74,286.89,79.88,174.75
382,73.16,451.53,110.78,468.36,70.71,458.33,75.27,372.99,82.05,286.73,78.9,175.43
383,73.69,451.44,110.36,468.44,70.01,456.72,75.15,373.88,82.67,288.84,80.15,174.77
